Fecha;Primer;Segundo;Tercero
1/01/2020;9.0;3.0;1.0
2/01/2020;9.0;5.0;0.0
3/01/2020;5.0;8.0;0.0
4/01/2020;3.0;8.0;2.0
5/01/2020;5.0;8.0;9.0
6/01/2020;5.0;8.0;7.0
7/01/2020;9.0;5.0;9.0
8/01/2020;8.0;9.0;8.0
9/01/2020;2.0;2.0;4.0
10/01/2020;3.0;1.0;5.0
11/01/2020;3.0;5.0;6.0
12/01/2020;2.0;8.0;4.0
13/01/2020;4.0;0.0;1.0
14/01/2020;7.0;4.0;9.0
15/01/2020;9.0;9.0;3.0
16/01/2020;0.0;7.0;5.0
17/01/2020;4.0;4.0;4.0
18/01/2020;0.0;8.0;8.0
19/01/2020;9.0;6.0;1.0
20/01/2020;9.0;8.0;5.0
21/01/2020;0.0;5.0;8.0
22/01/2020;7.0;4.0;1.0
23/01/2020;0.0;2.0;7.0
24/01/2020;8.0;5.0;5.0
25/01/2020;9.0;1.0;0.0
26/01/2020;8.0;2.0;3.0
27/01/2020;0.0;0.0;3.0
28/01/2020;6.0;9.0;8.0
29/01/2020;9.0;3.0;3.0
30/01/2020;8.0;3.0;9.0
31/01/2020;9.0;8.0;8.0
1/02/2020;1.0;1.0;8.0
2/02/2020;7.0;7.0;0.0
3/02/2020;0.0;0.0;1.0
4/02/2020;5.0;8.0;6.0
5/02/2020;0.0;5.0;6.0
6/02/2020;5.0;5.0;7.0
7/02/2020;5.0;8.0;7.0
8/02/2020;7.0;3.0;3.0
9/02/2020;3.0;9.0;6.0
10/02/2020;9.0;6.0;3.0
11/02/2020;1.0;7.0;4.0
12/02/2020;6.0;4.0;3.0
13/02/2020;3.0;1.0;1.0
14/02/2020;3.0;3.0;2.0
15/02/2020;1.0;3.0;7.0
16/02/2020;8.0;3.0;8.0
17/02/2020;7.0;9.0;4.0
18/02/2020;0.0;6.0;2.0
19/02/2020;4.0;3.0;0.0
20/02/2020;9.0;0.0;8.0
21/02/2020;6.0;3.0;8.0
22/02/2020;6.0;5.0;0.0
23/02/2020;6.0;5.0;7.0
24/02/2020;5.0;7.0;9.0
25/02/2020;8.0;9.0;5.0
26/02/2020;8.0;7.0;5.0
27/02/2020;4.0;2.0;2.0
28/02/2020;0.0;2.0;8.0
29/02/2020;6.0;1.0;2.0
1/03/2020;2.0;1.0;4.0
2/03/2020;8.0;3.0;8.0
3/03/2020;2.0;8.0;6.0
4/03/2020;5.0;2.0;3.0
5/03/2020;7.0;9.0;4.0
6/03/2020;6.0;8.0;4.0
7/03/2020;5.0;1.0;6.0
8/03/2020;2.0;1.0;8.0
9/03/2020;9.0;0.0;5.0
10/03/2020;7.0;2.0;4.0
11/03/2020;4.0;9.0;7.0
12/03/2020;5.0;8.0;1.0
13/03/2020;1.0;8.0;4.0
14/03/2020;0.0;7.0;4.0
15/03/2020;1.0;9.0;6.0
16/03/2020;0.0;7.0;1.0
17/03/2020;4.0;8.0;2.0
18/03/2020;0.0;3.0;8.0
19/03/2020;4.0;4.0;2.0
20/03/2020;4.0;9.0;0.0
21/03/2020;6.0;5.0;5.0
22/03/2020;4.0;8.0;2.0
23/03/2020;9.0;4.0;7.0
24/03/2020;8.0;4.0;2.0
25/03/2020;3.0;6.0;8.0
26/03/2020;3.0;5.0;3.0
27/03/2020;4.0;9.0;0.0
28/03/2020;3.0;6.0;7.0
29/03/2020;5.0;3.0;2.0
30/03/2020;9.0;7.0;4.0
31/03/2020;5.0;4.0;8.0
1/04/2020;7.0;9.0;7.0
2/04/2020;7.0;2.0;1.0
3/04/2020;1.0;3.0;3.0
4/04/2020;7.0;3.0;7.0
5/04/2020;8.0;5.0;8.0
6/04/2020;6.0;5.0;8.0
7/04/2020;3.0;0.0;5.0
8/04/2020;0.0;8.0;4.0
9/04/2020;5.0;9.0;1.0
10/04/2020;5.0;2.0;2.0
11/04/2020;5.0;2.0;1.0
12/04/2020;1.0;4.0;0.0
13/04/2020;2.0;0.0;7.0
14/04/2020;7.0;5.0;9.0
15/04/2020;5.0;9.0;2.0
16/04/2020;4.0;1.0;1.0
17/04/2020;7.0;6.0;7.0
18/04/2020;6.0;9.0;3.0
19/04/2020;0.0;6.0;6.0
20/04/2020;0.0;9.0;3.0
21/04/2020;7.0;4.0;8.0
22/04/2020;8.0;5.0;2.0
23/04/2020;8.0;8.0;3.0
24/04/2020;9.0;3.0;2.0
25/04/2020;7.0;9.0;5.0
26/04/2020;0.0;2.0;9.0
27/04/2020;4.0;6.0;7.0
28/04/2020;4.0;3.0;2.0
29/04/2020;4.0;9.0;9.0
30/04/2020;4.0;6.0;1.0
1/05/2020;4.0;1.0;4.0
2/05/2020;3.0;7.0;4.0
3/05/2020;7.0;4.0;7.0
4/05/2020;6.0;3.0;5.0
5/05/2020;8.0;5.0;6.0
6/05/2020;8.0;1.0;6.0
7/05/2020;6.0;9.0;2.0
8/05/2020;0.0;7.0;3.0
9/05/2020;9.0;0.0;9.0
10/05/2020;2.0;9.0;3.0
11/05/2020;5.0;8.0;0.0
12/05/2020;9.0;9.0;2.0
13/05/2020;0.0;3.0;9.0
14/05/2020;9.0;0.0;2.0
15/05/2020;3.0;9.0;7.0
16/05/2020;8.0;1.0;0.0
17/05/2020;0.0;5.0;0.0
18/05/2020;4.0;5.0;7.0
19/05/2020;3.0;2.0;7.0
20/05/2020;1.0;6.0;1.0
21/05/2020;6.0;5.0;8.0
22/05/2020;7.0;4.0;0.0
23/05/2020;3.0;5.0;9.0
24/05/2020;1.0;3.0;4.0
25/05/2020;4.0;9.0;7.0
26/05/2020;5.0;3.0;7.0
27/05/2020;1.0;3.0;7.0
28/05/2020;0.0;5.0;0.0
29/05/2020;5.0;2.0;0.0
30/05/2020;8.0;8.0;1.0
31/05/2020;7.0;1.0;5.0
1/06/2020;0.0;2.0;6.0
2/06/2020;9.0;1.0;0.0
3/06/2020;7.0;5.0;7.0
4/06/2020;5.0;8.0;9.0
5/06/2020;2.0;6.0;1.0
6/06/2020;8.0;2.0;2.0
7/06/2020;4.0;7.0;2.0
8/06/2020;1.0;9.0;9.0
9/06/2020;0.0;3.0;5.0
10/06/2020;1.0;7.0;6.0
11/06/2020;0.0;6.0;0.0
12/06/2020;6.0;5.0;1.0
13/06/2020;0.0;9.0;9.0
14/06/2020;6.0;7.0;4.0
15/06/2020;3.0;1.0;1.0
16/06/2020;0.0;4.0;2.0
17/06/2020;1.0;0.0;5.0
18/06/2020;6.0;8.0;1.0
19/06/2020;4.0;1.0;0.0
20/06/2020;5.0;6.0;8.0
21/06/2020;0.0;3.0;5.0
22/06/2020;3.0;9.0;1.0
23/06/2020;6.0;2.0;8.0
24/06/2020;7.0;9.0;2.0
25/06/2020;3.0;2.0;5.0
26/06/2020;0.0;8.0;1.0
27/06/2020;2.0;3.0;0.0
28/06/2020;9.0;8.0;1.0
29/06/2020;5.0;9.0;3.0
30/06/2020;5.0;8.0;9.0
1/07/2020;2.0;2.0;9.0
2/07/2020;5.0;4.0;8.0
3/07/2020;3.0;2.0;0.0
4/07/2020;6.0;8.0;0.0
5/07/2020;5.0;8.0;9.0
6/07/2020;5.0;0.0;1.0
7/07/2020;5.0;8.0;2.0
8/07/2020;3.0;0.0;9.0
9/07/2020;9.0;8.0;3.0
10/07/2020;2.0;4.0;7.0
11/07/2020;3.0;7.0;4.0
12/07/2020;7.0;4.0;6.0
13/07/2020;9.0;3.0;7.0
14/07/2020;0.0;1.0;8.0
15/07/2020;1.0;2.0;4.0
16/07/2020;8.0;3.0;5.0
17/07/2020;0.0;7.0;5.0
18/07/2020;3.0;9.0;6.0
19/07/2020;2.0;5.0;0.0
20/07/2020;4.0;9.0;5.0
21/07/2020;0.0;0.0;5.0
22/07/2020;3.0;9.0;9.0
23/07/2020;7.0;4.0;7.0
24/07/2020;1.0;5.0;8.0
25/07/2020;9.0;0.0;0.0
26/07/2020;3.0;7.0;9.0
27/07/2020;1.0;6.0;3.0
28/07/2020;0.0;8.0;5.0
29/07/2020;3.0;3.0;9.0
30/07/2020;5.0;9.0;2.0
31/07/2020;0.0;3.0;3.0
1/08/2020;4.0;0.0;5.0
2/08/2020;1.0;3.0;0.0
3/08/2020;3.0;5.0;9.0
4/08/2020;0.0;7.0;1.0
5/08/2020;7.0;4.0;9.0
6/08/2020;7.0;3.0;5.0
7/08/2020;2.0;5.0;5.0
8/08/2020;4.0;5.0;3.0
9/08/2020;5.0;7.0;5.0
10/08/2020;0.0;3.0;2.0
11/08/2020;7.0;4.0;7.0
12/08/2020;6.0;8.0;9.0
13/08/2020;2.0;3.0;4.0
14/08/2020;9.0;6.0;9.0
15/08/2020;2.0;4.0;4.0
16/08/2020;2.0;9.0;3.0
17/08/2020;7.0;1.0;9.0
18/08/2020;3.0;8.0;3.0
19/08/2020;6.0;4.0;9.0
20/08/2020;1.0;6.0;9.0
21/08/2020;8.0;5.0;5.0
22/08/2020;3.0;9.0;1.0
23/08/2020;7.0;7.0;1.0
24/08/2020;6.0;6.0;9.0
25/08/2020;1.0;1.0;5.0
26/08/2020;8.0;2.0;9.0
27/08/2020;5.0;7.0;5.0
28/08/2020;1.0;1.0;0.0
29/08/2020;5.0;1.0;7.0
30/08/2020;7.0;0.0;0.0
31/08/2020;2.0;1.0;2.0
1/09/2020;5.0;9.0;6.0
2/09/2020;2.0;4.0;2.0
3/09/2020;0.0;7.0;2.0
4/09/2020;2.0;8.0;5.0
5/09/2020;9.0;3.0;7.0
6/09/2020;1.0;2.0;8.0
7/09/2020;0.0;8.0;0.0
8/09/2020;0.0;7.0;9.0
9/09/2020;5.0;3.0;8.0
10/09/2020;4.0;2.0;6.0
11/09/2020;9.0;3.0;6.0
12/09/2020;1.0;6.0;0.0
13/09/2020;3.0;3.0;1.0
14/09/2020;0.0;3.0;3.0
15/09/2020;5.0;4.0;6.0
16/09/2020;3.0;5.0;4.0
17/09/2020;8.0;8.0;1.0
18/09/2020;1.0;8.0;8.0
19/09/2020;0.0;9.0;2.0
20/09/2020;9.0;0.0;0.0
21/09/2020;8.0;1.0;6.0
22/09/2020;4.0;7.0;2.0
23/09/2020;1.0;7.0;8.0
24/09/2020;5.0;3.0;0.0
25/09/2020;3.0;5.0;4.0
26/09/2020;7.0;6.0;6.0
27/09/2020;9.0;1.0;8.0
28/09/2020;5.0;3.0;7.0
29/09/2020;0.0;7.0;8.0
30/09/2020;6.0;2.0;6.0
1/10/2020;2.0;5.0;5.0
2/10/2020;6.0;7.0;4.0
3/10/2020;0.0;5.0;4.0
4/10/2020;5.0;4.0;9.0
5/10/2020;1.0;2.0;2.0
6/10/2020;9.0;5.0;2.0
7/10/2020;5.0;1.0;4.0
8/10/2020;8.0;4.0;7.0
9/10/2020;9.0;4.0;6.0
10/10/2020;5.0;4.0;9.0
11/10/2020;8.0;9.0;6.0
12/10/2020;7.0;5.0;6.0
13/10/2020;1.0;1.0;2.0
14/10/2020;8.0;9.0;5.0
15/10/2020;7.0;3.0;6.0
16/10/2020;1.0;3.0;8.0
17/10/2020;4.0;4.0;7.0
18/10/2020;8.0;8.0;0.0
19/10/2020;6.0;5.0;8.0
20/10/2020;5.0;2.0;3.0
21/10/2020;3.0;7.0;9.0
22/10/2020;7.0;5.0;6.0
23/10/2020;8.0;0.0;3.0
24/10/2020;4.0;4.0;5.0
25/10/2020;3.0;6.0;2.0
26/10/2020;0.0;1.0;3.0
27/10/2020;8.0;3.0;2.0
28/10/2020;6.0;8.0;5.0
29/10/2020;0.0;1.0;4.0
30/10/2020;0.0;8.0;2.0
31/10/2020;6.0;1.0;0.0
1/11/2020;8.0;9.0;5.0
2/11/2020;5.0;3.0;1.0
3/11/2020;0.0;4.0;7.0
4/11/2020;3.0;2.0;2.0
5/11/2020;7.0;1.0;1.0
6/11/2020;9.0;9.0;5.0
7/11/2020;7.0;1.0;3.0
8/11/2020;5.0;9.0;8.0
9/11/2020;5.0;3.0;7.0
10/11/2020;0.0;4.0;3.0
11/11/2020;1.0;1.0;0.0
12/11/2020;4.0;6.0;0.0
13/11/2020;2.0;1.0;0.0
14/11/2020;2.0;6.0;8.0
15/11/2020;5.0;4.0;1.0
16/11/2020;2.0;0.0;6.0
17/11/2020;8.0;7.0;4.0
18/11/2020;0.0;7.0;3.0
19/11/2020;1.0;0.0;6.0
20/11/2020;4.0;2.0;1.0
21/11/2020;3.0;5.0;1.0
22/11/2020;7.0;8.0;5.0
23/11/2020;9.0;8.0;3.0
24/11/2020;7.0;4.0;1.0
25/11/2020;7.0;4.0;0.0
26/11/2020;2.0;0.0;7.0
27/11/2020;1.0;6.0;9.0
28/11/2020;9.0;3.0;7.0
29/11/2020;8.0;5.0;5.0
30/11/2020;3.0;0.0;3.0
1/12/2020;0.0;4.0;1.0
2/12/2020;2.0;0.0;2.0
3/12/2020;8.0;4.0;5.0
4/12/2020;5.0;2.0;7.0
5/12/2020;2.0;2.0;6.0
6/12/2020;1.0;6.0;9.0
7/12/2020;2.0;1.0;6.0
8/12/2020;5.0;4.0;2.0
9/12/2020;7.0;0.0;3.0
10/12/2020;2.0;8.0;2.0
11/12/2020;7.0;0.0;6.0
12/12/2020;1.0;3.0;1.0
13/12/2020;4.0;4.0;7.0
14/12/2020;6.0;6.0;2.0
15/12/2020;6.0;7.0;0.0
16/12/2020;6.0;4.0;8.0
17/12/2020;0.0;6.0;9.0
18/12/2020;8.0;9.0;1.0
19/12/2020;2.0;3.0;1.0
20/12/2020;2.0;6.0;2.0
21/12/2020;4.0;0.0;4.0
22/12/2020;3.0;3.0;9.0
23/12/2020;5.0;1.0;1.0
24/12/2020;3.0;5.0;7.0
25/12/2020;4.0;8.0;6.0
26/12/2020;5.0;0.0;4.0
27/12/2020;3.0;5.0;1.0
28/12/2020;4.0;9.0;7.0
29/12/2020;4.0;5.0;9.0
30/12/2020;2.0;0.0;4.0
31/12/2020;9.0;0.0;4.0
1/01/2021;5.0;8.0;7.0
2/01/2021;7.0;5.0;4.0
3/01/2021;0.0;2.0;6.0
4/01/2021;7.0;5.0;5.0
5/01/2021;4.0;7.0;7.0
6/01/2021;0.0;2.0;4.0
7/01/2021;7.0;2.0;6.0
8/01/2021;8.0;1.0;9.0
9/01/2021;3.0;4.0;3.0
10/01/2021;4.0;3.0;1.0
11/01/2021;4.0;0.0;7.0
12/01/2021;0.0;8.0;1.0
13/01/2021;4.0;7.0;1.0
14/01/2021;1.0;8.0;1.0
15/01/2021;9.0;4.0;5.0
16/01/2021;0.0;4.0;9.0
17/01/2021;9.0;3.0;9.0
18/01/2021;8.0;7.0;3.0
19/01/2021;0.0;7.0;6.0
20/01/2021;4.0;1.0;3.0
21/01/2021;7.0;3.0;3.0
22/01/2021;2.0;7.0;2.0
23/01/2021;6.0;7.0;6.0
24/01/2021;9.0;0.0;5.0
25/01/2021;8.0;2.0;5.0
26/01/2021;5.0;9.0;3.0
27/01/2021;6.0;4.0;8.0
28/01/2021;0.0;8.0;8.0
29/01/2021;4.0;7.0;6.0
30/01/2021;2.0;2.0;7.0
31/01/2021;0.0;9.0;1.0
1/02/2021;2.0;9.0;7.0
2/02/2021;9.0;4.0;8.0
3/02/2021;1.0;8.0;2.0
4/02/2021;0.0;3.0;5.0
5/02/2021;8.0;6.0;1.0
6/02/2021;2.0;1.0;9.0
7/02/2021;2.0;6.0;2.0
8/02/2021;0.0;6.0;7.0
9/02/2021;1.0;2.0;9.0
10/02/2021;6.0;8.0;7.0
11/02/2021;0.0;6.0;0.0
12/02/2021;6.0;5.0;2.0
13/02/2021;8.0;5.0;2.0
14/02/2021;2.0;4.0;2.0
15/02/2021;1.0;8.0;6.0
16/02/2021;0.0;4.0;4.0
17/02/2021;8.0;3.0;7.0
18/02/2021;9.0;6.0;0.0
19/02/2021;7.0;6.0;0.0
20/02/2021;6.0;1.0;9.0
21/02/2021;8.0;8.0;9.0
22/02/2021;7.0;6.0;8.0
23/02/2021;2.0;5.0;5.0
24/02/2021;4.0;9.0;5.0
25/02/2021;1.0;2.0;1.0
26/02/2021;4.0;4.0;5.0
27/02/2021;4.0;7.0;2.0
28/02/2021;6.0;1.0;6.0
1/03/2021;6.0;8.0;3.0
2/03/2021;7.0;5.0;2.0
3/03/2021;2.0;0.0;0.0
4/03/2021;7.0;2.0;7.0
5/03/2021;0.0;9.0;1.0
6/03/2021;8.0;7.0;2.0
7/03/2021;2.0;1.0;3.0
8/03/2021;1.0;1.0;2.0
9/03/2021;8.0;1.0;2.0
10/03/2021;4.0;9.0;4.0
11/03/2021;1.0;1.0;3.0
12/03/2021;7.0;5.0;7.0
13/03/2021;9.0;3.0;0.0
14/03/2021;2.0;1.0;0.0
15/03/2021;0.0;3.0;5.0
16/03/2021;2.0;1.0;7.0
17/03/2021;4.0;9.0;5.0
18/03/2021;3.0;4.0;9.0
19/03/2021;0.0;9.0;7.0
20/03/2021;9.0;8.0;7.0
21/03/2021;1.0;9.0;7.0
22/03/2021;6.0;2.0;6.0
23/03/2021;2.0;0.0;8.0
24/03/2021;7.0;6.0;3.0
25/03/2021;8.0;7.0;1.0
26/03/2021;0.0;2.0;8.0
27/03/2021;4.0;8.0;5.0
28/03/2021;8.0;5.0;8.0
29/03/2021;4.0;6.0;8.0
30/03/2021;0.0;0.0;8.0
31/03/2021;7.0;3.0;5.0
1/04/2021;2.0;8.0;9.0
2/04/2021;0.0;5.0;4.0
3/04/2021;3.0;4.0;7.0
4/04/2021;3.0;5.0;4.0
5/04/2021;1.0;3.0;0.0
6/04/2021;5.0;6.0;2.0
7/04/2021;1.0;8.0;9.0
8/04/2021;8.0;7.0;4.0
9/04/2021;8.0;4.0;9.0
10/04/2021;0.0;1.0;2.0
11/04/2021;9.0;0.0;5.0
12/04/2021;6.0;0.0;4.0
13/04/2021;0.0;8.0;1.0
14/04/2021;3.0;4.0;9.0
15/04/2021;7.0;2.0;1.0
16/04/2021;4.0;2.0;2.0
17/04/2021;2.0;0.0;7.0
18/04/2021;6.0;1.0;1.0
19/04/2021;0.0;5.0;0.0
20/04/2021;5.0;6.0;7.0
21/04/2021;1.0;3.0;1.0
22/04/2021;9.0;1.0;9.0
23/04/2021;5.0;6.0;6.0
24/04/2021;2.0;0.0;1.0
25/04/2021;9.0;5.0;7.0
26/04/2021;7.0;4.0;7.0
27/04/2021;5.0;4.0;1.0
28/04/2021;8.0;0.0;5.0
29/04/2021;7.0;4.0;6.0
30/04/2021;9.0;7.0;5.0
1/05/2021;7.0;6.0;3.0
2/05/2021;7.0;1.0;8.0
3/05/2021;9.0;9.0;1.0
4/05/2021;6.0;9.0;7.0
5/05/2021;9.0;7.0;0.0
6/05/2021;8.0;8.0;0.0
7/05/2021;6.0;8.0;4.0
8/05/2021;5.0;8.0;1.0
9/05/2021;8.0;7.0;3.0
10/05/2021;7.0;4.0;3.0
11/05/2021;4.0;5.0;0.0
12/05/2021;2.0;1.0;6.0
13/05/2021;7.0;5.0;5.0
14/05/2021;6.0;6.0;1.0
15/05/2021;0.0;8.0;3.0
16/05/2021;1.0;9.0;2.0
17/05/2021;9.0;0.0;2.0
18/05/2021;9.0;9.0;8.0
19/05/2021;9.0;1.0;3.0
20/05/2021;3.0;7.0;8.0
21/05/2021;5.0;5.0;9.0
22/05/2021;5.0;8.0;0.0
23/05/2021;5.0;1.0;8.0
24/05/2021;9.0;0.0;2.0
25/05/2021;6.0;1.0;3.0
26/05/2021;2.0;4.0;6.0
27/05/2021;2.0;2.0;5.0
28/05/2021;6.0;9.0;7.0
29/05/2021;9.0;3.0;5.0
30/05/2021;6.0;7.0;4.0
31/05/2021;6.0;9.0;3.0
1/06/2021;8.0;0.0;4.0
2/06/2021;9.0;5.0;0.0
3/06/2021;7.0;4.0;9.0
4/06/2021;5.0;6.0;4.0
5/06/2021;3.0;3.0;1.0
6/06/2021;0.0;9.0;1.0
7/06/2021;7.0;5.0;2.0
8/06/2021;0.0;8.0;8.0
9/06/2021;1.0;8.0;0.0
10/06/2021;6.0;0.0;1.0
11/06/2021;7.0;5.0;4.0
12/06/2021;4.0;6.0;5.0
13/06/2021;0.0;7.0;0.0
14/06/2021;9.0;3.0;9.0
15/06/2021;4.0;3.0;0.0
16/06/2021;5.0;3.0;8.0
17/06/2021;5.0;9.0;0.0
18/06/2021;5.0;1.0;6.0
19/06/2021;4.0;9.0;8.0
20/06/2021;2.0;5.0;8.0
21/06/2021;2.0;8.0;3.0
22/06/2021;4.0;5.0;8.0
23/06/2021;9.0;7.0;5.0
24/06/2021;9.0;9.0;6.0
25/06/2021;8.0;7.0;5.0
26/06/2021;3.0;5.0;3.0
27/06/2021;3.0;4.0;5.0
28/06/2021;2.0;3.0;7.0
29/06/2021;7.0;7.0;5.0
30/06/2021;0.0;5.0;9.0
1/07/2021;4.0;1.0;3.0
2/07/2021;9.0;8.0;7.0
3/07/2021;3.0;7.0;8.0
4/07/2021;5.0;4.0;9.0
5/07/2021;1.0;7.0;0.0
6/07/2021;5.0;9.0;4.0
7/07/2021;3.0;0.0;2.0
8/07/2021;3.0;5.0;8.0
9/07/2021;9.0;5.0;2.0
10/07/2021;5.0;0.0;1.0
11/07/2021;2.0;7.0;7.0
12/07/2021;6.0;8.0;1.0
13/07/2021;3.0;9.0;1.0
14/07/2021;7.0;5.0;5.0
15/07/2021;0.0;7.0;3.0
16/07/2021;0.0;1.0;2.0
17/07/2021;3.0;8.0;8.0
18/07/2021;9.0;9.0;7.0
19/07/2021;1.0;1.0;2.0
20/07/2021;5.0;9.0;6.0
21/07/2021;5.0;7.0;8.0
22/07/2021;6.0;5.0;1.0
23/07/2021;4.0;9.0;7.0
24/07/2021;1.0;5.0;6.0
25/07/2021;7.0;9.0;2.0
26/07/2021;3.0;5.0;2.0
27/07/2021;9.0;9.0;3.0
28/07/2021;6.0;0.0;0.0
29/07/2021;8.0;3.0;7.0
30/07/2021;5.0;7.0;4.0
31/07/2021;0.0;2.0;8.0
1/08/2021;5.0;9.0;0.0
2/08/2021;3.0;8.0;4.0
3/08/2021;6.0;7.0;7.0
4/08/2021;9.0;5.0;0.0
5/08/2021;4.0;0.0;2.0
6/08/2021;7.0;2.0;8.0
7/08/2021;6.0;7.0;8.0
8/08/2021;1.0;9.0;6.0
9/08/2021;0.0;5.0;0.0
10/08/2021;1.0;8.0;2.0
11/08/2021;0.0;4.0;0.0
12/08/2021;5.0;4.0;4.0
13/08/2021;5.0;6.0;5.0
14/08/2021;1.0;4.0;1.0
15/08/2021;1.0;9.0;4.0
16/08/2021;8.0;4.0;0.0
17/08/2021;0.0;1.0;5.0
18/08/2021;8.0;7.0;4.0
19/08/2021;0.0;1.0;1.0
20/08/2021;0.0;8.0;0.0
21/08/2021;2.0;1.0;9.0
22/08/2021;0.0;3.0;0.0
23/08/2021;7.0;7.0;9.0
24/08/2021;8.0;4.0;8.0
25/08/2021;7.0;7.0;9.0
26/08/2021;1.0;6.0;4.0
27/08/2021;9.0;5.0;1.0
28/08/2021;1.0;4.0;3.0
29/08/2021;1.0;8.0;1.0
30/08/2021;3.0;0.0;1.0
31/08/2021;9.0;7.0;9.0
1/09/2021;8.0;9.0;2.0
2/09/2021;1.0;1.0;3.0
3/09/2021;8.0;5.0;5.0
4/09/2021;6.0;9.0;9.0
5/09/2021;6.0;5.0;5.0
6/09/2021;6.0;3.0;1.0
7/09/2021;4.0;1.0;5.0
8/09/2021;5.0;1.0;2.0
9/09/2021;8.0;9.0;9.0
10/09/2021;5.0;4.0;7.0
11/09/2021;9.0;8.0;5.0
12/09/2021;4.0;5.0;7.0
13/09/2021;6.0;8.0;8.0
14/09/2021;3.0;1.0;0.0
15/09/2021;8.0;8.0;8.0
16/09/2021;3.0;5.0;5.0
17/09/2021;6.0;3.0;3.0
18/09/2021;0.0;5.0;9.0
19/09/2021;8.0;1.0;9.0
20/09/2021;8.0;0.0;4.0
21/09/2021;7.0;4.0;2.0
22/09/2021;0.0;8.0;0.0
23/09/2021;2.0;6.0;0.0
24/09/2021;1.0;0.0;5.0
25/09/2021;6.0;0.0;8.0
26/09/2021;6.0;3.0;1.0
27/09/2021;9.0;0.0;7.0
28/09/2021;9.0;2.0;8.0
29/09/2021;1.0;6.0;8.0
30/09/2021;2.0;1.0;4.0
1/10/2021;6.0;5.0;5.0
2/10/2021;4.0;5.0;2.0
3/10/2021;2.0;0.0;6.0
4/10/2021;0.0;8.0;3.0
5/10/2021;7.0;4.0;4.0
6/10/2021;8.0;5.0;1.0
7/10/2021;1.0;9.0;6.0
8/10/2021;8.0;5.0;4.0
9/10/2021;0.0;1.0;7.0
10/10/2021;7.0;6.0;2.0
11/10/2021;9.0;0.0;9.0
12/10/2021;2.0;6.0;1.0
13/10/2021;4.0;6.0;6.0
14/10/2021;3.0;7.0;1.0
15/10/2021;2.0;6.0;6.0
16/10/2021;7.0;1.0;0.0
17/10/2021;9.0;8.0;4.0
18/10/2021;6.0;3.0;2.0
19/10/2021;9.0;5.0;9.0
20/10/2021;8.0;8.0;1.0
21/10/2021;5.0;3.0;6.0
22/10/2021;2.0;6.0;8.0
23/10/2021;1.0;1.0;5.0
24/10/2021;6.0;7.0;3.0
25/10/2021;1.0;8.0;2.0
26/10/2021;3.0;9.0;4.0
27/10/2021;1.0;1.0;3.0
28/10/2021;4.0;7.0;7.0
29/10/2021;1.0;9.0;8.0
30/10/2021;6.0;6.0;0.0
31/10/2021;1.0;7.0;6.0
1/11/2021;7.0;1.0;1.0
2/11/2021;0.0;6.0;6.0
3/11/2021;6.0;9.0;3.0
4/11/2021;8.0;6.0;6.0
5/11/2021;6.0;0.0;8.0
6/11/2021;5.0;1.0;9.0
7/11/2021;9.0;7.0;0.0
8/11/2021;2.0;8.0;1.0
9/11/2021;0.0;2.0;7.0
10/11/2021;2.0;1.0;8.0
11/11/2021;5.0;1.0;9.0
12/11/2021;0.0;4.0;1.0
13/11/2021;5.0;3.0;6.0
14/11/2021;9.0;6.0;5.0
15/11/2021;9.0;5.0;4.0
16/11/2021;2.0;7.0;5.0
17/11/2021;9.0;7.0;1.0
18/11/2021;1.0;4.0;6.0
19/11/2021;6.0;8.0;7.0
20/11/2021;1.0;1.0;3.0
21/11/2021;4.0;1.0;4.0
22/11/2021;1.0;9.0;0.0
23/11/2021;7.0;6.0;1.0
24/11/2021;5.0;2.0;6.0
25/11/2021;3.0;9.0;2.0
26/11/2021;0.0;3.0;1.0
27/11/2021;1.0;3.0;9.0
28/11/2021;5.0;3.0;1.0
29/11/2021;2.0;2.0;8.0
30/11/2021;7.0;1.0;0.0
1/12/2021;2.0;1.0;4.0
2/12/2021;0.0;2.0;9.0
3/12/2021;7.0;7.0;9.0
4/12/2021;2.0;7.0;8.0
5/12/2021;8.0;4.0;8.0
6/12/2021;5.0;4.0;8.0
7/12/2021;2.0;3.0;5.0
8/12/2021;4.0;6.0;0.0
9/12/2021;1.0;8.0;7.0
10/12/2021;7.0;4.0;1.0
11/12/2021;0.0;1.0;4.0
12/12/2021;3.0;6.0;1.0
13/12/2021;4.0;2.0;2.0
14/12/2021;5.0;8.0;8.0
15/12/2021;9.0;5.0;9.0
16/12/2021;2.0;2.0;7.0
17/12/2021;0.0;1.0;7.0
18/12/2021;7.0;5.0;5.0
19/12/2021;5.0;5.0;0.0
20/12/2021;4.0;6.0;7.0
21/12/2021;6.0;0.0;7.0
22/12/2021;7.0;1.0;4.0
23/12/2021;5.0;9.0;2.0
24/12/2021;5.0;8.0;9.0
25/12/2021;6.0;3.0;5.0
26/12/2021;9.0;2.0;2.0
27/12/2021;7.0;4.0;7.0
28/12/2021;4.0;7.0;5.0
29/12/2021;3.0;5.0;8.0
30/12/2021;6.0;6.0;1.0
31/12/2021;5.0;7.0;0.0
1/01/2022;0.0;3.0;4.0
2/01/2022;3.0;1.0;6.0
3/01/2022;9.0;2.0;8.0
4/01/2022;6.0;7.0;1.0
5/01/2022;0.0;7.0;1.0
6/01/2022;9.0;6.0;0.0
7/01/2022;9.0;9.0;6.0
8/01/2022;4.0;0.0;3.0
9/01/2022;7.0;5.0;6.0
10/01/2022;9.0;2.0;8.0
11/01/2022;6.0;0.0;0.0
12/01/2022;4.0;3.0;2.0
13/01/2022;9.0;6.0;5.0
14/01/2022;9.0;9.0;9.0
15/01/2022;8.0;8.0;8.0
16/01/2022;7.0;9.0;4.0
17/01/2022;4.0;0.0;8.0
18/01/2022;3.0;8.0;5.0
19/01/2022;5.0;4.0;1.0
20/01/2022;2.0;3.0;7.0
21/01/2022;7.0;8.0;2.0
22/01/2022;6.0;8.0;9.0
23/01/2022;0.0;0.0;7.0
24/01/2022;8.0;1.0;1.0
25/01/2022;5.0;9.0;4.0
26/01/2022;0.0;4.0;5.0
27/01/2022;3.0;7.0;7.0
28/01/2022;5.0;5.0;1.0
29/01/2022;2.0;6.0;2.0
30/01/2022;4.0;4.0;3.0
31/01/2022;3.0;8.0;8.0
1/02/2022;8.0;1.0;4.0
2/02/2022;7.0;3.0;1.0
3/02/2022;6.0;6.0;7.0
4/02/2022;4.0;7.0;5.0
5/02/2022;6.0;1.0;5.0
6/02/2022;3.0;1.0;4.0
7/02/2022;2.0;3.0;4.0
8/02/2022;2.0;3.0;6.0
9/02/2022;2.0;2.0;9.0
10/02/2022;7.0;6.0;6.0
11/02/2022;6.0;0.0;7.0
12/02/2022;0.0;4.0;1.0
13/02/2022;8.0;1.0;3.0
14/02/2022;8.0;2.0;8.0
15/02/2022;9.0;3.0;7.0
16/02/2022;3.0;9.0;5.0
17/02/2022;9.0;0.0;2.0
18/02/2022;8.0;3.0;2.0
19/02/2022;3.0;7.0;0.0
20/02/2022;2.0;1.0;1.0
21/02/2022;9.0;2.0;0.0
22/02/2022;3.0;1.0;9.0
23/02/2022;3.0;0.0;2.0
24/02/2022;1.0;3.0;1.0
25/02/2022;3.0;8.0;7.0
26/02/2022;6.0;8.0;3.0
27/02/2022;2.0;5.0;5.0
28/02/2022;7.0;5.0;4.0
1/03/2022;4.0;5.0;0.0
2/03/2022;0.0;7.0;4.0
3/03/2022;6.0;0.0;1.0
4/03/2022;8.0;1.0;4.0
5/03/2022;9.0;4.0;1.0
6/03/2022;3.0;8.0;5.0
7/03/2022;8.0;7.0;2.0
8/03/2022;5.0;3.0;5.0
9/03/2022;7.0;7.0;3.0
10/03/2022;0.0;5.0;2.0
11/03/2022;7.0;4.0;8.0
12/03/2022;1.0;3.0;2.0
13/03/2022;1.0;8.0;1.0
14/03/2022;2.0;6.0;6.0
15/03/2022;0.0;6.0;5.0
16/03/2022;4.0;2.0;0.0
17/03/2022;4.0;1.0;1.0
18/03/2022;0.0;2.0;0.0
19/03/2022;8.0;9.0;7.0
20/03/2022;5.0;1.0;7.0
21/03/2022;5.0;4.0;0.0
22/03/2022;8.0;3.0;8.0
23/03/2022;7.0;9.0;1.0
24/03/2022;3.0;2.0;3.0
25/03/2022;1.0;4.0;0.0
26/03/2022;9.0;3.0;4.0
27/03/2022;8.0;6.0;3.0
28/03/2022;6.0;7.0;5.0
29/03/2022;2.0;3.0;1.0
30/03/2022;9.0;2.0;6.0
31/03/2022;3.0;6.0;6.0
1/04/2022;7.0;1.0;1.0
2/04/2022;3.0;7.0;1.0
3/04/2022;2.0;6.0;9.0
4/04/2022;3.0;0.0;6.0
5/04/2022;7.0;2.0;3.0
6/04/2022;3.0;1.0;5.0
7/04/2022;4.0;8.0;9.0
8/04/2022;4.0;2.0;3.0
9/04/2022;7.0;7.0;7.0
10/04/2022;8.0;9.0;6.0
11/04/2022;7.0;9.0;0.0
12/04/2022;2.0;6.0;7.0
13/04/2022;8.0;4.0;9.0
14/04/2022;7.0;6.0;5.0
15/04/2022;6.0;4.0;8.0
16/04/2022;2.0;1.0;5.0
17/04/2022;5.0;5.0;4.0
18/04/2022;8.0;9.0;7.0
19/04/2022;3.0;6.0;3.0
20/04/2022;2.0;8.0;9.0
21/04/2022;5.0;8.0;9.0
22/04/2022;8.0;8.0;4.0
23/04/2022;1.0;5.0;8.0
24/04/2022;8.0;5.0;4.0
25/04/2022;6.0;6.0;3.0
26/04/2022;0.0;0.0;8.0
27/04/2022;4.0;9.0;7.0
28/04/2022;2.0;5.0;1.0
29/04/2022;5.0;8.0;1.0
30/04/2022;2.0;3.0;0.0
1/05/2022;7.0;2.0;7.0
2/05/2022;2.0;4.0;8.0
3/05/2022;3.0;7.0;4.0
4/05/2022;2.0;1.0;1.0
5/05/2022;0.0;1.0;7.0
6/05/2022;5.0;7.0;7.0
7/05/2022;0.0;5.0;1.0
8/05/2022;6.0;0.0;5.0
9/05/2022;8.0;3.0;0.0
10/05/2022;5.0;7.0;8.0
11/05/2022;1.0;0.0;3.0
12/05/2022;7.0;3.0;2.0
13/05/2022;0.0;5.0;6.0
14/05/2022;2.0;7.0;7.0
15/05/2022;4.0;1.0;7.0
16/05/2022;7.0;0.0;6.0
17/05/2022;6.0;8.0;2.0
18/05/2022;3.0;7.0;3.0
19/05/2022;4.0;9.0;6.0
20/05/2022;7.0;1.0;8.0
21/05/2022;7.0;8.0;6.0
22/05/2022;5.0;3.0;6.0
23/05/2022;4.0;1.0;8.0
24/05/2022;5.0;9.0;2.0
25/05/2022;6.0;8.0;0.0
26/05/2022;5.0;3.0;4.0
27/05/2022;1.0;3.0;8.0
28/05/2022;6.0;9.0;7.0
29/05/2022;4.0;0.0;0.0
30/05/2022;8.0;2.0;1.0
31/05/2022;7.0;2.0;6.0
1/06/2022;3.0;3.0;1.0
2/06/2022;6.0;7.0;5.0
3/06/2022;0.0;1.0;2.0
4/06/2022;2.0;0.0;8.0
5/06/2022;7.0;7.0;4.0
6/06/2022;3.0;4.0;3.0
7/06/2022;4.0;4.0;4.0
8/06/2022;6.0;8.0;0.0
9/06/2022;4.0;9.0;7.0
10/06/2022;8.0;5.0;6.0
11/06/2022;0.0;7.0;2.0
12/06/2022;8.0;7.0;2.0
13/06/2022;7.0;3.0;8.0
14/06/2022;3.0;7.0;1.0
15/06/2022;7.0;9.0;6.0
16/06/2022;5.0;9.0;8.0
17/06/2022;2.0;7.0;9.0
18/06/2022;9.0;3.0;8.0
19/06/2022;6.0;6.0;8.0
20/06/2022;1.0;2.0;6.0
21/06/2022;6.0;2.0;8.0
22/06/2022;0.0;0.0;5.0
23/06/2022;1.0;4.0;8.0
24/06/2022;5.0;1.0;5.0
25/06/2022;7.0;0.0;0.0
26/06/2022;7.0;0.0;6.0
27/06/2022;2.0;9.0;3.0
28/06/2022;0.0;4.0;3.0
29/06/2022;8.0;9.0;3.0
30/06/2022;2.0;0.0;6.0
1/07/2022;5.0;0.0;3.0
2/07/2022;3.0;7.0;9.0
3/07/2022;9.0;9.0;1.0
4/07/2022;0.0;7.0;0.0
5/07/2022;6.0;7.0;3.0
6/07/2022;5.0;2.0;1.0
7/07/2022;6.0;7.0;8.0
8/07/2022;8.0;8.0;0.0
9/07/2022;1.0;5.0;0.0
10/07/2022;3.0;3.0;4.0
11/07/2022;4.0;9.0;8.0
12/07/2022;1.0;0.0;1.0
13/07/2022;1.0;3.0;9.0
14/07/2022;2.0;6.0;1.0
15/07/2022;9.0;4.0;4.0
16/07/2022;7.0;0.0;7.0
17/07/2022;0.0;4.0;0.0
18/07/2022;7.0;7.0;8.0
19/07/2022;2.0;1.0;0.0
20/07/2022;9.0;7.0;4.0
21/07/2022;7.0;5.0;4.0
22/07/2022;2.0;6.0;0.0
23/07/2022;1.0;6.0;4.0
24/07/2022;9.0;7.0;0.0
25/07/2022;4.0;7.0;9.0
26/07/2022;2.0;9.0;9.0
27/07/2022;3.0;5.0;4.0
28/07/2022;9.0;7.0;4.0
29/07/2022;4.0;2.0;5.0
30/07/2022;6.0;4.0;6.0
31/07/2022;4.0;5.0;8.0
1/08/2022;3.0;3.0;2.0
2/08/2022;0.0;3.0;4.0
3/08/2022;0.0;4.0;5.0
4/08/2022;5.0;9.0;3.0
5/08/2022;0.0;7.0;6.0
6/08/2022;4.0;9.0;9.0
7/08/2022;4.0;5.0;9.0
8/08/2022;5.0;6.0;1.0
9/08/2022;4.0;3.0;3.0
10/08/2022;4.0;1.0;8.0
11/08/2022;8.0;6.0;7.0
12/08/2022;8.0;4.0;8.0
13/08/2022;4.0;7.0;5.0
14/08/2022;4.0;2.0;0.0
15/08/2022;3.0;9.0;4.0
16/08/2022;2.0;3.0;7.0
17/08/2022;0.0;1.0;9.0
18/08/2022;5.0;3.0;6.0
19/08/2022;6.0;7.0;7.0
20/08/2022;4.0;1.0;0.0
21/08/2022;2.0;6.0;7.0
22/08/2022;1.0;4.0;9.0
23/08/2022;6.0;6.0;2.0
24/08/2022;0.0;4.0;0.0
25/08/2022;5.0;1.0;1.0
26/08/2022;7.0;0.0;9.0
27/08/2022;7.0;3.0;5.0
28/08/2022;0.0;1.0;7.0
29/08/2022;6.0;8.0;7.0
30/08/2022;9.0;3.0;7.0
31/08/2022;7.0;8.0;2.0
1/09/2022;7.0;5.0;2.0
2/09/2022;5.0;1.0;8.0
3/09/2022;9.0;6.0;6.0
4/09/2022;7.0;7.0;2.0
5/09/2022;5.0;9.0;6.0
6/09/2022;6.0;5.0;5.0
7/09/2022;0.0;5.0;1.0
8/09/2022;7.0;4.0;7.0
9/09/2022;3.0;1.0;2.0
10/09/2022;4.0;7.0;8.0
11/09/2022;4.0;2.0;6.0
12/09/2022;1.0;2.0;7.0
13/09/2022;6.0;5.0;6.0
14/09/2022;7.0;4.0;5.0
15/09/2022;0.0;7.0;2.0
16/09/2022;3.0;9.0;5.0
17/09/2022;6.0;3.0;1.0
18/09/2022;1.0;0.0;0.0
19/09/2022;1.0;4.0;3.0
20/09/2022;3.0;4.0;6.0
21/09/2022;8.0;3.0;6.0
22/09/2022;2.0;7.0;9.0
23/09/2022;5.0;0.0;6.0
24/09/2022;0.0;4.0;7.0
25/09/2022;6.0;0.0;0.0
26/09/2022;9.0;8.0;2.0
27/09/2022;7.0;0.0;5.0
28/09/2022;9.0;5.0;6.0
29/09/2022;0.0;6.0;7.0
30/09/2022;5.0;6.0;8.0
1/10/2022;1.0;6.0;7.0
2/10/2022;4.0;7.0;8.0
3/10/2022;8.0;2.0;9.0
4/10/2022;2.0;9.0;9.0
5/10/2022;9.0;5.0;3.0
6/10/2022;5.0;0.0;6.0
7/10/2022;1.0;5.0;4.0
8/10/2022;2.0;5.0;0.0
9/10/2022;5.0;9.0;4.0
10/10/2022;0.0;9.0;1.0
11/10/2022;3.0;1.0;1.0
12/10/2022;9.0;9.0;4.0
13/10/2022;8.0;2.0;0.0
14/10/2022;4.0;0.0;5.0
15/10/2022;5.0;2.0;7.0
16/10/2022;0.0;3.0;7.0
17/10/2022;3.0;0.0;5.0
18/10/2022;0.0;7.0;7.0
19/10/2022;4.0;0.0;5.0
20/10/2022;4.0;3.0;3.0
21/10/2022;8.0;9.0;4.0
22/10/2022;2.0;2.0;2.0
23/10/2022;8.0;9.0;4.0
24/10/2022;8.0;5.0;8.0
25/10/2022;4.0;5.0;2.0
26/10/2022;5.0;4.0;9.0
27/10/2022;6.0;0.0;5.0
28/10/2022;6.0;9.0;6.0
29/10/2022;9.0;5.0;0.0
30/10/2022;2.0;1.0;7.0
31/10/2022;5.0;3.0;6.0
1/11/2022;3.0;2.0;2.0
2/11/2022;9.0;9.0;7.0
3/11/2022;2.0;8.0;6.0
4/11/2022;2.0;4.0;3.0
5/11/2022;0.0;1.0;5.0
6/11/2022;9.0;8.0;3.0
7/11/2022;1.0;0.0;9.0
8/11/2022;4.0;5.0;2.0
9/11/2022;1.0;5.0;3.0
10/11/2022;0.0;8.0;2.0
11/11/2022;2.0;0.0;6.0
12/11/2022;4.0;9.0;7.0
13/11/2022;2.0;0.0;9.0
14/11/2022;6.0;4.0;3.0
15/11/2022;5.0;3.0;4.0
16/11/2022;7.0;9.0;2.0
17/11/2022;5.0;2.0;2.0
18/11/2022;0.0;1.0;5.0
19/11/2022;9.0;4.0;0.0
20/11/2022;5.0;3.0;8.0
21/11/2022;4.0;5.0;2.0
22/11/2022;0.0;3.0;8.0
23/11/2022;0.0;8.0;3.0
24/11/2022;8.0;6.0;8.0
25/11/2022;5.0;1.0;3.0
26/11/2022;9.0;8.0;1.0
27/11/2022;9.0;1.0;9.0
28/11/2022;7.0;4.0;9.0
29/11/2022;5.0;7.0;3.0
30/11/2022;8.0;0.0;0.0
1/12/2022;5.0;1.0;2.0
2/12/2022;8.0;7.0;6.0
3/12/2022;7.0;2.0;8.0
4/12/2022;7.0;1.0;8.0
5/12/2022;3.0;2.0;2.0
6/12/2022;3.0;7.0;8.0
7/12/2022;5.0;4.0;5.0
8/12/2022;6.0;9.0;6.0
9/12/2022;8.0;9.0;2.0
10/12/2022;8.0;7.0;3.0
11/12/2022;6.0;6.0;8.0
12/12/2022;9.0;8.0;5.0
13/12/2022;5.0;6.0;3.0
14/12/2022;4.0;0.0;7.0
15/12/2022;5.0;5.0;9.0
16/12/2022;5.0;8.0;4.0
17/12/2022;6.0;2.0;7.0
18/12/2022;8.0;8.0;9.0
19/12/2022;3.0;8.0;0.0
20/12/2022;8.0;7.0;4.0
21/12/2022;6.0;2.0;0.0
22/12/2022;5.0;7.0;4.0
23/12/2022;2.0;7.0;6.0
24/12/2022;3.0;3.0;7.0
25/12/2022;8.0;2.0;3.0
26/12/2022;8.0;3.0;6.0
27/12/2022;3.0;2.0;0.0
28/12/2022;3.0;4.0;2.0
29/12/2022;0.0;4.0;8.0
30/12/2022;1.0;8.0;5.0
31/12/2022;0.0;9.0;0.0
1/01/2023;9.0;6.0;4.0
2/01/2023;4.0;9.0;0.0
3/01/2023;9.0;7.0;5.0
4/01/2023;0.0;4.0;7.0
5/01/2023;0.0;6.0;3.0
6/01/2023;5.0;7.0;1.0
7/01/2023;7.0;4.0;9.0
8/01/2023;6.0;6.0;3.0
9/01/2023;4.0;1.0;7.0
10/01/2023;7.0;1.0;4.0
11/01/2023;8.0;2.0;4.0
12/01/2023;8.0;9.0;2.0
13/01/2023;4.0;0.0;6.0
14/01/2023;8.0;2.0;5.0
15/01/2023;0.0;6.0;7.0
16/01/2023;8.0;4.0;9.0
17/01/2023;8.0;8.0;8.0
18/01/2023;5.0;5.0;6.0
19/01/2023;6.0;8.0;6.0
20/01/2023;1.0;5.0;8.0
21/01/2023;2.0;6.0;4.0
22/01/2023;8.0;9.0;7.0
23/01/2023;7.0;4.0;4.0
24/01/2023;9.0;7.0;4.0
25/01/2023;8.0;0.0;8.0
26/01/2023;7.0;6.0;1.0
27/01/2023;0.0;9.0;5.0
28/01/2023;3.0;0.0;8.0
29/01/2023;5.0;4.0;1.0
30/01/2023;9.0;9.0;4.0
31/01/2023;2.0;9.0;7.0
1/02/2023;3.0;2.0;3.0
2/02/2023;4.0;6.0;6.0
3/02/2023;6.0;3.0;5.0
4/02/2023;4.0;0.0;7.0
5/02/2023;6.0;3.0;1.0
6/02/2023;4.0;6.0;4.0
7/02/2023;1.0;1.0;7.0
8/02/2023;0.0;7.0;0.0
9/02/2023;8.0;1.0;1.0
10/02/2023;2.0;4.0;2.0
11/02/2023;8.0;3.0;4.0
12/02/2023;5.0;7.0;8.0
13/02/2023;4.0;7.0;5.0
14/02/2023;5.0;7.0;5.0
15/02/2023;0.0;5.0;1.0
16/02/2023;5.0;9.0;0.0
17/02/2023;2.0;7.0;7.0
18/02/2023;5.0;7.0;2.0
19/02/2023;1.0;2.0;2.0
20/02/2023;6.0;8.0;5.0
21/02/2023;8.0;1.0;9.0
22/02/2023;5.0;5.0;8.0
23/02/2023;7.0;0.0;7.0
24/02/2023;3.0;3.0;0.0
25/02/2023;8.0;0.0;2.0
26/02/2023;5.0;6.0;2.0
27/02/2023;1.0;4.0;7.0
28/02/2023;8.0;8.0;8.0
1/03/2023;9.0;7.0;8.0
2/03/2023;5.0;6.0;7.0
3/03/2023;3.0;1.0;3.0
4/03/2023;3.0;7.0;1.0
5/03/2023;0.0;7.0;8.0
6/03/2023;5.0;2.0;7.0
7/03/2023;2.0;2.0;2.0
8/03/2023;9.0;9.0;8.0
9/03/2023;6.0;2.0;7.0
10/03/2023;0.0;0.0;5.0
11/03/2023;7.0;9.0;6.0
12/03/2023;4.0;7.0;4.0
13/03/2023;4.0;8.0;1.0
14/03/2023;8.0;6.0;3.0
15/03/2023;6.0;5.0;9.0
16/03/2023;4.0;9.0;1.0
17/03/2023;5.0;1.0;3.0
18/03/2023;0.0;2.0;9.0
19/03/2023;9.0;3.0;3.0
20/03/2023;6.0;4.0;8.0
21/03/2023;5.0;4.0;7.0
22/03/2023;1.0;3.0;2.0
23/03/2023;4.0;6.0;3.0
24/03/2023;5.0;8.0;4.0
25/03/2023;9.0;5.0;0.0
26/03/2023;8.0;4.0;8.0
27/03/2023;8.0;3.0;4.0
28/03/2023;1.0;3.0;9.0
29/03/2023;4.0;8.0;8.0
30/03/2023;7.0;2.0;4.0
31/03/2023;6.0;5.0;7.0
1/04/2023;9.0;5.0;6.0
2/04/2023;2.0;0.0;5.0
3/04/2023;5.0;8.0;5.0
4/04/2023;6.0;4.0;0.0
5/04/2023;4.0;5.0;8.0
6/04/2023;1.0;0.0;1.0
7/04/2023;3.0;3.0;3.0
8/04/2023;4.0;9.0;3.0
9/04/2023;9.0;7.0;2.0
10/04/2023;8.0;0.0;3.0
11/04/2023;0.0;0.0;2.0
12/04/2023;3.0;1.0;1.0
13/04/2023;3.0;0.0;3.0
14/04/2023;0.0;7.0;3.0
15/04/2023;8.0;8.0;2.0
16/04/2023;5.0;0.0;2.0
17/04/2023;0.0;0.0;4.0
18/04/2023;1.0;5.0;5.0
19/04/2023;0.0;0.0;1.0
20/04/2023;5.0;8.0;8.0
21/04/2023;0.0;7.0;1.0
22/04/2023;9.0;8.0;5.0
23/04/2023;2.0;8.0;8.0
24/04/2023;6.0;0.0;0.0
25/04/2023;9.0;2.0;8.0
26/04/2023;0.0;2.0;9.0
27/04/2023;7.0;4.0;5.0
28/04/2023;8.0;4.0;2.0
29/04/2023;6.0;3.0;9.0
30/04/2023;9.0;4.0;8.0
1/05/2023;6.0;4.0;3.0
2/05/2023;5.0;2.0;3.0
3/05/2023;8.0;3.0;0.0
4/05/2023;7.0;5.0;2.0
5/05/2023;8.0;0.0;9.0
6/05/2023;5.0;8.0;7.0
7/05/2023;5.0;0.0;4.0
8/05/2023;3.0;9.0;6.0
9/05/2023;7.0;8.0;8.0
10/05/2023;1.0;7.0;0.0
11/05/2023;8.0;1.0;5.0
12/05/2023;3.0;9.0;0.0
13/05/2023;3.0;4.0;8.0
14/05/2023;5.0;9.0;2.0
15/05/2023;3.0;1.0;3.0
16/05/2023;5.0;7.0;0.0
17/05/2023;9.0;9.0;9.0
18/05/2023;0.0;8.0;7.0
19/05/2023;0.0;7.0;8.0
20/05/2023;6.0;2.0;5.0
21/05/2023;8.0;9.0;4.0
22/05/2023;9.0;7.0;4.0
23/05/2023;2.0;4.0;2.0
24/05/2023;9.0;9.0;8.0
25/05/2023;0.0;5.0;7.0
26/05/2023;3.0;8.0;8.0
27/05/2023;3.0;7.0;4.0
28/05/2023;1.0;1.0;0.0
29/05/2023;3.0;0.0;1.0
30/05/2023;8.0;6.0;7.0
31/05/2023;6.0;5.0;4.0
1/06/2023;5.0;6.0;4.0
2/06/2023;2.0;4.0;3.0
3/06/2023;2.0;9.0;8.0
4/06/2023;7.0;4.0;7.0
5/06/2023;0.0;9.0;2.0
6/06/2023;0.0;3.0;7.0
7/06/2023;4.0;5.0;4.0
8/06/2023;6.0;5.0;5.0
9/06/2023;8.0;8.0;2.0
10/06/2023;0.0;3.0;2.0
11/06/2023;1.0;9.0;4.0
12/06/2023;3.0;6.0;1.0
13/06/2023;2.0;1.0;0.0
14/06/2023;1.0;1.0;8.0
15/06/2023;0.0;3.0;9.0
16/06/2023;7.0;6.0;9.0
17/06/2023;5.0;7.0;3.0
18/06/2023;3.0;0.0;2.0
19/06/2023;2.0;8.0;9.0
20/06/2023;8.0;9.0;7.0
21/06/2023;2.0;6.0;2.0
22/06/2023;1.0;9.0;1.0
23/06/2023;9.0;5.0;2.0
24/06/2023;7.0;1.0;7.0
25/06/2023;8.0;8.0;9.0
26/06/2023;4.0;0.0;0.0
27/06/2023;1.0;3.0;1.0
28/06/2023;5.0;0.0;9.0
29/06/2023;1.0;7.0;5.0
30/06/2023;8.0;2.0;6.0
1/07/2023;3.0;5.0;4.0
2/07/2023;4.0;6.0;9.0
3/07/2023;2.0;8.0;7.0
4/07/2023;1.0;8.0;3.0
5/07/2023;8.0;6.0;4.0
6/07/2023;9.0;1.0;1.0
7/07/2023;2.0;8.0;9.0
8/07/2023;2.0;9.0;0.0
9/07/2023;8.0;1.0;0.0
10/07/2023;4.0;4.0;2.0
11/07/2023;6.0;4.0;4.0
12/07/2023;6.0;6.0;2.0
13/07/2023;4.0;0.0;8.0
14/07/2023;4.0;5.0;6.0
15/07/2023;3.0;6.0;1.0
16/07/2023;9.0;6.0;9.0
17/07/2023;6.0;9.0;4.0
18/07/2023;1.0;2.0;1.0
19/07/2023;4.0;2.0;7.0
20/07/2023;9.0;1.0;7.0
21/07/2023;3.0;4.0;4.0
22/07/2023;0.0;8.0;1.0
23/07/2023;3.0;9.0;6.0
24/07/2023;6.0;1.0;3.0
25/07/2023;6.0;3.0;9.0
26/07/2023;9.0;0.0;1.0
27/07/2023;4.0;5.0;6.0
28/07/2023;3.0;2.0;2.0
29/07/2023;3.0;4.0;6.0
30/07/2023;5.0;2.0;8.0
31/07/2023;4.0;2.0;1.0
1/08/2023;3.0;9.0;9.0
2/08/2023;9.0;9.0;6.0
3/08/2023;3.0;3.0;6.0
4/08/2023;3.0;4.0;0.0
5/08/2023;9.0;7.0;0.0
6/08/2023;8.0;8.0;3.0
7/08/2023;7.0;2.0;7.0
8/08/2023;2.0;6.0;3.0
9/08/2023;3.0;5.0;4.0
10/08/2023;3.0;1.0;0.0
11/08/2023;2.0;1.0;7.0
12/08/2023;4.0;8.0;2.0
13/08/2023;6.0;6.0;2.0
14/08/2023;9.0;9.0;3.0
15/08/2023;4.0;3.0;3.0
16/08/2023;2.0;6.0;7.0
17/08/2023;5.0;5.0;6.0
18/08/2023;9.0;9.0;8.0
19/08/2023;5.0;6.0;3.0
20/08/2023;5.0;4.0;1.0
21/08/2023;9.0;6.0;0.0
22/08/2023;3.0;0.0;9.0
23/08/2023;8.0;1.0;9.0
24/08/2023;6.0;0.0;9.0
25/08/2023;0.0;6.0;4.0
26/08/2023;7.0;4.0;5.0
27/08/2023;3.0;0.0;2.0
28/08/2023;0.0;6.0;1.0
29/08/2023;7.0;5.0;1.0
30/08/2023;3.0;8.0;8.0
31/08/2023;0.0;8.0;1.0
1/09/2023;2.0;9.0;7.0
2/09/2023;8.0;5.0;2.0
3/09/2023;2.0;6.0;3.0
4/09/2023;2.0;0.0;2.0
5/09/2023;8.0;2.0;7.0
6/09/2023;5.0;1.0;6.0
7/09/2023;7.0;0.0;2.0
8/09/2023;2.0;5.0;5.0
9/09/2023;8.0;6.0;1.0
10/09/2023;4.0;5.0;1.0
11/09/2023;4.0;5.0;2.0
12/09/2023;4.0;3.0;4.0
13/09/2023;7.0;6.0;0.0
14/09/2023;5.0;0.0;4.0
15/09/2023;9.0;7.0;0.0
16/09/2023;1.0;8.0;2.0
17/09/2023;4.0;0.0;4.0
18/09/2023;5.0;3.0;2.0
19/09/2023;0.0;1.0;5.0
20/09/2023;6.0;1.0;2.0
21/09/2023;8.0;4.0;0.0
22/09/2023;8.0;5.0;7.0
23/09/2023;4.0;1.0;0.0
24/09/2023;8.0;1.0;5.0
25/09/2023;6.0;5.0;8.0
26/09/2023;9.0;9.0;6.0
27/09/2023;8.0;0.0;7.0
28/09/2023;0.0;2.0;6.0
29/09/2023;7.0;2.0;6.0
30/09/2023;0.0;7.0;3.0
1/10/2023;3.0;3.0;5.0
2/10/2023;3.0;2.0;8.0
3/10/2023;7.0;1.0;6.0
4/10/2023;8.0;1.0;6.0
5/10/2023;3.0;9.0;6.0
6/10/2023;5.0;0.0;4.0
7/10/2023;7.0;3.0;2.0
8/10/2023;4.0;6.0;8.0
9/10/2023;7.0;7.0;0.0
10/10/2023;8.0;0.0;4.0
11/10/2023;8.0;4.0;9.0
12/10/2023;5.0;2.0;0.0
13/10/2023;1.0;7.0;7.0
14/10/2023;0.0;3.0;9.0
15/10/2023;8.0;2.0;5.0
16/10/2023;4.0;6.0;5.0
17/10/2023;2.0;8.0;5.0
18/10/2023;4.0;6.0;0.0
19/10/2023;4.0;4.0;1.0
20/10/2023;5.0;6.0;7.0
21/10/2023;1.0;6.0;9.0
22/10/2023;0.0;4.0;4.0
23/10/2023;5.0;0.0;6.0
24/10/2023;7.0;8.0;1.0
25/10/2023;9.0;4.0;2.0
26/10/2023;9.0;7.0;8.0
27/10/2023;6.0;9.0;3.0
28/10/2023;9.0;8.0;0.0
29/10/2023;6.0;3.0;8.0
30/10/2023;3.0;9.0;2.0
31/10/2023;3.0;7.0;2.0
1/11/2023;1.0;4.0;8.0
2/11/2023;5.0;1.0;0.0
3/11/2023;4.0;9.0;5.0
4/11/2023;2.0;8.0;8.0
5/11/2023;0.0;9.0;5.0
6/11/2023;4.0;6.0;0.0
7/11/2023;8.0;6.0;5.0
8/11/2023;8.0;4.0;3.0
9/11/2023;3.0;2.0;1.0
10/11/2023;8.0;0.0;6.0
11/11/2023;4.0;4.0;8.0
12/11/2023;0.0;8.0;7.0
13/11/2023;7.0;9.0;9.0
14/11/2023;7.0;9.0;1.0
15/11/2023;0.0;8.0;0.0
16/11/2023;4.0;9.0;4.0
17/11/2023;3.0;9.0;1.0
18/11/2023;4.0;3.0;7.0
19/11/2023;2.0;1.0;9.0
20/11/2023;8.0;5.0;6.0
21/11/2023;0.0;0.0;9.0
22/11/2023;8.0;3.0;3.0
23/11/2023;3.0;3.0;7.0
24/11/2023;3.0;5.0;1.0
25/11/2023;9.0;5.0;3.0
26/11/2023;8.0;2.0;8.0
27/11/2023;1.0;6.0;6.0
28/11/2023;0.0;8.0;3.0
29/11/2023;2.0;1.0;9.0
30/11/2023;3.0;3.0;6.0
1/12/2023;9.0;7.0;4.0
2/12/2023;9.0;6.0;8.0
3/12/2023;4.0;9.0;1.0
4/12/2023;5.0;0.0;3.0
5/12/2023;0.0;8.0;1.0
6/12/2023;3.0;2.0;5.0
7/12/2023;0.0;6.0;8.0
8/12/2023;5.0;6.0;5.0
9/12/2023;7.0;3.0;5.0
10/12/2023;3.0;6.0;9.0
11/12/2023;0.0;0.0;8.0
12/12/2023;9.0;2.0;5.0
13/12/2023;3.0;9.0;0.0
14/12/2023;4.0;6.0;1.0
15/12/2023;6.0;1.0;1.0
16/12/2023;1.0;7.0;9.0
17/12/2023;9.0;9.0;6.0
18/12/2023;7.0;6.0;7.0
19/12/2023;1.0;2.0;2.0
20/12/2023;9.0;7.0;6.0
21/12/2023;1.0;6.0;7.0
22/12/2023;4.0;8.0;7.0
23/12/2023;8.0;0.0;5.0
24/12/2023;1.0;9.0;9.0
25/12/2023;7.0;4.0;4.0
26/12/2023;0.0;1.0;0.0
27/12/2023;5.0;7.0;1.0
28/12/2023;9.0;0.0;4.0
29/12/2023;8.0;6.0;1.0
30/12/2023;0.0;1.0;6.0
31/12/2023;7.0;0.0;2.0
1/01/2024;3.0;3.0;8.0
2/01/2024;6.0;8.0;4.0
3/01/2024;9.0;8.0;5.0
4/01/2024;3.0;6.0;6.0
5/01/2024;1.0;9.0;9.0
6/01/2024;9.0;3.0;6.0
7/01/2024;6.0;5.0;4.0
8/01/2024;1.0;9.0;2.0
9/01/2024;6.0;6.0;6.0
10/01/2024;4.0;0.0;6.0
11/01/2024;9.0;3.0;1.0
12/01/2024;4.0;8.0;0.0
13/01/2024;6.0;0.0;3.0
14/01/2024;5.0;7.0;6.0
15/01/2024;8.0;1.0;1.0
16/01/2024;5.0;5.0;1.0
17/01/2024;6.0;5.0;8.0
18/01/2024;9.0;9.0;7.0
19/01/2024;6.0;4.0;3.0
20/01/2024;4.0;2.0;4.0
21/01/2024;5.0;4.0;0.0
22/01/2024;4.0;1.0;8.0
23/01/2024;5.0;8.0;7.0
24/01/2024;6.0;9.0;5.0
25/01/2024;2.0;7.0;8.0
26/01/2024;3.0;5.0;8.0
27/01/2024;5.0;9.0;2.0
28/01/2024;8.0;2.0;0.0
29/01/2024;6.0;4.0;8.0
30/01/2024;7.0;4.0;1.0
31/01/2024;3.0;3.0;9.0
1/02/2024;7.0;8.0;7.0
2/02/2024;4.0;6.0;6.0
3/02/2024;7.0;2.0;7.0
4/02/2024;9.0;9.0;3.0
5/02/2024;7.0;4.0;3.0
6/02/2024;7.0;2.0;5.0
7/02/2024;3.0;1.0;1.0
8/02/2024;5.0;9.0;7.0
9/02/2024;7.0;5.0;0.0
10/02/2024;5.0;8.0;5.0
11/02/2024;5.0;1.0;2.0
12/02/2024;7.0;6.0;9.0
13/02/2024;4.0;9.0;0.0
14/02/2024;3.0;7.0;6.0
15/02/2024;9.0;7.0;3.0
16/02/2024;8.0;1.0;7.0
17/02/2024;1.0;6.0;2.0
18/02/2024;2.0;2.0;6.0
19/02/2024;4.0;0.0;0.0
20/02/2024;8.0;3.0;0.0
21/02/2024;6.0;6.0;4.0
22/02/2024;2.0;6.0;7.0
23/02/2024;9.0;4.0;9.0
24/02/2024;3.0;5.0;4.0
25/02/2024;4.0;1.0;8.0
26/02/2024;0.0;2.0;4.0
27/02/2024;0.0;2.0;8.0
28/02/2024;1.0;4.0;8.0
29/02/2024;4.0;8.0;2.0
1/03/2024;1.0;2.0;1.0
2/03/2024;1.0;9.0;6.0
3/03/2024;2.0;7.0;3.0
4/03/2024;5.0;0.0;6.0
5/03/2024;6.0;3.0;2.0
6/03/2024;2.0;5.0;0.0
7/03/2024;6.0;6.0;4.0
8/03/2024;9.0;3.0;2.0
9/03/2024;5.0;8.0;8.0
10/03/2024;7.0;2.0;2.0
11/03/2024;9.0;2.0;6.0
12/03/2024;3.0;2.0;1.0
13/03/2024;2.0;1.0;1.0
14/03/2024;4.0;5.0;6.0
15/03/2024;9.0;6.0;1.0
16/03/2024;5.0;5.0;8.0
17/03/2024;6.0;0.0;1.0
18/03/2024;8.0;6.0;5.0
19/03/2024;6.0;7.0;6.0
20/03/2024;1.0;0.0;7.0
21/03/2024;1.0;7.0;5.0
22/03/2024;2.0;6.0;2.0
23/03/2024;3.0;9.0;6.0
24/03/2024;2.0;9.0;9.0
25/03/2024;3.0;7.0;0.0
26/03/2024;7.0;9.0;4.0
27/03/2024;9.0;2.0;2.0
28/03/2024;5.0;1.0;7.0
29/03/2024;5.0;1.0;1.0
30/03/2024;8.0;4.0;0.0
31/03/2024;4.0;8.0;1.0
1/04/2024;4.0;5.0;4.0
2/04/2024;9.0;5.0;4.0
3/04/2024;6.0;5.0;0.0
4/04/2024;7.0;5.0;4.0
5/04/2024;0.0;3.0;5.0
6/04/2024;9.0;4.0;0.0
7/04/2024;7.0;0.0;9.0
8/04/2024;7.0;3.0;3.0
9/04/2024;7.0;5.0;4.0
10/04/2024;9.0;9.0;5.0
11/04/2024;5.0;5.0;4.0
12/04/2024;1.0;2.0;2.0
13/04/2024;8.0;6.0;7.0
14/04/2024;6.0;6.0;9.0
15/04/2024;8.0;4.0;3.0
16/04/2024;6.0;5.0;4.0
17/04/2024;4.0;5.0;9.0
18/04/2024;4.0;6.0;1.0
19/04/2024;3.0;2.0;0.0
20/04/2024;7.0;0.0;3.0
21/04/2024;7.0;4.0;6.0
22/04/2024;4.0;1.0;0.0
23/04/2024;2.0;9.0;3.0
24/04/2024;3.0;9.0;3.0
25/04/2024;1.0;7.0;3.0
26/04/2024;2.0;7.0;7.0
27/04/2024;5.0;5.0;6.0
28/04/2024;1.0;9.0;7.0
29/04/2024;9.0;5.0;4.0
30/04/2024;1.0;0.0;5.0
1/05/2024;8.0;3.0;6.0
2/05/2024;7.0;6.0;8.0
3/05/2024;9.0;5.0;0.0
4/05/2024;7.0;6.0;8.0
5/05/2024;0.0;4.0;1.0
6/05/2024;1.0;3.0;0.0
7/05/2024;4.0;3.0;1.0
8/05/2024;7.0;8.0;3.0
9/05/2024;5.0;7.0;3.0
10/05/2024;4.0;9.0;5.0
11/05/2024;5.0;8.0;2.0
12/05/2024;8.0;9.0;5.0
13/05/2024;1.0;3.0;4.0
14/05/2024;1.0;8.0;8.0
15/05/2024;7.0;3.0;8.0
16/05/2024;6.0;9.0;1.0
17/05/2024;0.0;5.0;8.0
18/05/2024;4.0;0.0;6.0
19/05/2024;5.0;0.0;4.0
20/05/2024;1.0;3.0;0.0
21/05/2024;4.0;3.0;8.0
22/05/2024;8.0;1.0;3.0
23/05/2024;4.0;9.0;2.0
24/05/2024;3.0;1.0;0.0
25/05/2024;1.0;1.0;6.0
26/05/2024;8.0;2.0;8.0
27/05/2024;6.0;7.0;3.0
28/05/2024;3.0;6.0;2.0
29/05/2024;5.0;1.0;9.0
30/05/2024;0.0;4.0;6.0
31/05/2024;1.0;2.0;8.0
1/06/2024;0.0;6.0;2.0
2/06/2024;1.0;4.0;1.0
3/06/2024;4.0;7.0;5.0
4/06/2024;9.0;5.0;1.0
5/06/2024;4.0;6.0;3.0
6/06/2024;2.0;3.0;0.0
7/06/2024;7.0;5.0;5.0
8/06/2024;5.0;5.0;4.0
9/06/2024;3.0;7.0;1.0
10/06/2024;8.0;6.0;0.0
11/06/2024;7.0;4.0;0.0
12/06/2024;4.0;8.0;1.0
13/06/2024;7.0;2.0;8.0
14/06/2024;9.0;5.0;4.0
15/06/2024;8.0;3.0;5.0
16/06/2024;8.0;3.0;1.0
17/06/2024;9.0;8.0;7.0
18/06/2024;7.0;0.0;8.0
19/06/2024;5.0;6.0;7.0
20/06/2024;9.0;3.0;1.0
21/06/2024;3.0;5.0;0.0
22/06/2024;3.0;6.0;5.0
23/06/2024;0.0;9.0;3.0
24/06/2024;4.0;8.0;3.0
25/06/2024;8.0;9.0;2.0
26/06/2024;6.0;6.0;6.0
27/06/2024;5.0;0.0;4.0
28/06/2024;4.0;6.0;4.0
29/06/2024;7.0;1.0;5.0
30/06/2024;4.0;0.0;2.0
1/07/2024;2.0;3.0;3.0
2/07/2024;2.0;1.0;4.0
3/07/2024;7.0;6.0;8.0
4/07/2024;5.0;1.0;7.0
5/07/2024;2.0;6.0;1.0
6/07/2024;4.0;4.0;1.0
7/07/2024;1.0;7.0;8.0
8/07/2024;1.0;5.0;9.0
9/07/2024;2.0;7.0;3.0
10/07/2024;4.0;1.0;6.0
11/07/2024;3.0;5.0;6.0
12/07/2024;4.0;7.0;7.0
13/07/2024;1.0;5.0;6.0
14/07/2024;9.0;2.0;0.0
15/07/2024;1.0;1.0;9.0
16/07/2024;5.0;7.0;7.0
17/07/2024;7.0;9.0;1.0
18/07/2024;5.0;7.0;1.0
19/07/2024;8.0;2.0;3.0
20/07/2024;8.0;4.0;7.0
21/07/2024;9.0;9.0;7.0
22/07/2024;5.0;7.0;8.0
23/07/2024;5.0;8.0;5.0
24/07/2024;2.0;3.0;5.0
25/07/2024;3.0;8.0;0.0
26/07/2024;5.0;6.0;2.0
27/07/2024;8.0;8.0;4.0
28/07/2024;9.0;8.0;6.0
29/07/2024;1.0;5.0;3.0
30/07/2024;0.0;4.0;9.0
31/07/2024;7.0;1.0;6.0
1/08/2024;8.0;3.0;3.0
2/08/2024;3.0;2.0;1.0
3/08/2024;4.0;4.0;4.0
4/08/2024;2.0;2.0;2.0
5/08/2024;6.0;4.0;2.0
6/09/2024;3.0;4.0;4.0
7/09/2024;3.0;5.0;4.0
8/09/2024;4.0;5.0;3.0
9/09/2024;6.0;5.0;4.0
10/09/2024;3.0;1.0;2.0
11/09/2024;5.0;3.0;4.0
12/09/2024;1.0;2.0;3.0
13/09/2024;6.0;6.0;7.0
14/09/2024;6.0;5.0;4.0
15/09/2024;8.0;7.0;7.0
16/09/2024;3.0;2.0;2.0
17/09/2024;8.0;8.0;8.0
18/09/2024;3.0;2.0;4.0
19/09/2024;6.0;6.0;5.0
20/09/2024;5.0;6.0;7.0
21/09/2024;8.0;7.0;5.0
22/09/2024;7.0;5.0;4.0
23/09/2024;7.0;5.0;6.0
24/09/2024;7.0;6.0;4.0
25/09/2024;3.0;1.0;2.0
26/09/2024;7.0;7.0;7.0
27/09/2024;5.0;5.0;4.0
28/09/2024;7.0;5.0;4.0
29/09/2024;6.0;4.0;2.0
30/09/2024;5.0;3.0;2.0
1/10/2024;6.0;7.0;4.0
2/10/2024;1.0;2.0;0.0
3/10/2024;4.0;2.0;2.0
4/10/2024;7.0;7.0;7.0
5/10/2024;9.0;7.0;5.0
6/10/2024;3.0;3.0;2.0
7/10/2024;8.0;5.0;4.0
8/10/2024;8.0;5.0;3.0
9/10/2024;8.0;4.0;3.0
10/10/2024;6.0;4.0;3.0
11/10/2024;6.0;4.0;3.0
12/10/2024;6.0;3.0;2.0
13/10/2024;8.0;3.0;3.0
14/10/2024;8.0;4.0;3.0
15/10/2024;7.0;4.0;4.0
16/10/2024;6.0;4.0;2.0
17/10/2024;6.0;3.0;2.0
17/10/2024;7.0;1.0;5.0
17/10/2024;7.0;1.0;4.0
17/10/2024;7.0;3.0;3.0
17/10/2024;1.0;2.0;4.0
17/10/2024;5.0;3.0;1.0
17/10/2024;6.0;3.0;2.0
15/10/2025;4.0;5.0;6.0
